SFL,Ship Finance International Limi
KREF,KKR Real Estate Finance Trust I
HRZN,Horizon Technology Finance Corp
HCFT,"Hunt Companies Finance Trust, I"
NMFC,New Mountain Finance Corporatio
TRTX,"TPG RE Finance Trust, Inc."
CPTA,Capitala Finance Corp.
GFN,General Finance Corporation
BCSF,"Bain Capital Specialty Finance,"
JRJC,China Finance Online Co. Limite
WINS,Wins Finance Holdings Inc. - Or
CMFN,CM Finance Inc
WHF,"WhiteHorse Finance, Inc."
XRF,China Rapid Finance Limited Ame
WLFC,Willis Lease Finance Corporatio
MOGO.TO,MOGO FINANCE TECHNOLOGY INC
FGB,First Trust Specialty Finance a
BAJFINANCE.NS,BAJAJ FINANCE LTD
VEMF-SDB.ST,Vostok Emerging Finance Ltd
L&TFH.NS,L&T FINANCE HOLDIN
IPF.L,INTERNATIONAL PERSONAL FINANCE
GFNCP,General Finance Corporation - C
BFIN.JK,BFI Finance Indonesia Tbk.
ADMF.JK,Adira Dinamika Multi Finance Tb
PFC.NS,POWER FINANCE CORP
MUTHOOTFIN.NS,MUTHOOT FINANCE LT
FELLOW.HE,Fellow Finance Plc
MANAPPURAM.BO,MANAPPURAM FINANCE LTD.
AUBANK.NS,AU SMALL FINANCE B
GFNSL,General Finance Corporation - S
HDFC.BO,HOUSING DEVELOPMENT FINANCE CO
REPCOHOME.NS,REPCO HOME FINANCE
CEEJAY.BO,CEEJAY FINANCE LTD.
HTFA,Horizon Technology Finance Corp
GRUH.NS,GRUH FINANCE
LFI.L,LONDON FINANCE & INVESTMENT GRO
TIR.L,Tiger Resource Finance
UTLE.L,UIL FINANCE LIMITED ZDP SHS 202
SPF560.NZ,SPARK FINANCE LTD 4.51% SNR 10/
GLIF.L,GLI FINANCE LIMITED ORD NPV
HCFT-PA,"Hunt Companies Finance Trust, I"
GICHSGFIN.BO,GIC HOUSING FINANCE LTD.
CPTAL,Capitala Finance Corp. - 6% Not
CFIN.JK,Clipan Finance Indonesia Tbk.
VTA.L,VOLTA FINANCE LIMITED ORD NPV
HOFI.ST,Hoist Finance AB
UTLH.L,UIL FINANCE LIMITED 2026 ZDP SH
UTLG.L,UIL FINANCE LIMITED 2024 ZDP SH
UTLF.L,UIL FINANCE LIMITED ZDP SHS 202
MANAPPURAM.NS,MANAPPURAM FINANCE
MANGIND.BO,MANGALAM INDUSTRIAL FINANCE LT
LADDERUP.BO,LADDERUP FINANCE LTD.
L&TFH.BO,L&T FINANCE HOLDINGS LTD.
NMFX,New Mountain Finance Corporatio
S23.SI,Spura Finance
PFC.BO,POWER FINANCE CORPORATION LTD.
DHFL.BO,DEWAN HOUSING FINANCE CORPORAT
CMFNL,CM Finance Inc
WSFIN.BO,WALL STREET FINANCE LTD.
VRNA.JK,Verena Multi Finance Tbk.
TFN4.F,"GOME FINANCE TECH.HD-,10"
0007.HK,HK FINANCE INV
TCFCFINQ.BO,TCFC FINANCE LTD.
530789.BO,CEEJAY FINANCE LTD.
TIFA.JK,Tifa Finance Tbk.
AXIS.V,AXIS AUTO FINANCE INC
SAKTHIFIN.BO,SAKTHI FINANCE LTD.
500014.BO,APPLE FINANCE LTD.
GRUH.BO,GRUH FINANCE LTD.
3V7.BE,VOLTA FINANCE LTD
GBFL.BO,Goenka Business & Finance Limi
MUTHOOTFIN.BO,MUTHOOT FINANCE LTD.
BBLD.JK,Buana Finance Tbk.
MARATHR.BO,LERTHAI FINANCE LTD
0888.HK,BISON FINANCE
SAHLIBHFI.BO,SHALIBHADRA FINANCE LTD.
LICHSGFIN.BO,LIC HOUSING FINANCE LTD.
SRGHFL.BO,SRG HOUSING FINANCE LTD.
TFL.BO,TRANSWARRANTY FINANCE LTD.
TFN4.SG,Gome Finance Technology Co.LtdR
ASHFL.BO,Akme Star Housing Finance Limi
FRANKLIN.BO,Franklin Leasing and Finance L
HDFA.JK,Radana Bhaskara Finance Tbk.
SQNX.L,SQN ASSET FINANCE INCOME FUND L
SRSFIN.BO,SRS FINANCE LTD
BAJFINANCE.BO,BAJAJ FINANCE LIMITED
TRUS.JK,Trust Finance Indonesia Tbk
LIBORDFIN.BO,LIBORD FINANCE LTD
CONFINT.BO,CONFIDENCE FINANCE AND TRADING
TOKYOFIN.BO,TOKYO FINANCE LTD.
CORALFINAC.BO,CORAL INDIA FINANCE & HOUSING
LKPFIN.BO,LKP FINANCE LIMITED
VFL.BO,VIJI FINANCE LTD
LLFICL.BO,LEADING LEASING FINANCE AND IN
FNZ.SG,China Finance Online Co.Ltd. Re
BFIT.BK,SRISAWAD FINANCE PUBLIC COMPANY
IBULHSGFIN.BO,INDIABULLS HOUSING FINANCE LTD
IBFN.JK,Intan Baruprana Finance Tbk.
BALFC.BO,BAID LEASING AND FINANCE CO.LT
GBLINFRA.BO,GLOBAL INFRATECH & FINANCE LIM
